{"train loss": 0.04456782791964338, "train acc": 0.9892473220825195, "train f1_score": 0.9892185926437378, "train AUROC": 0.9993880391120911, "_timestamp": 1691459358.7410703, "_runtime": 1488.1260282993317, "_step": 440, "test loss": 0.07970354207198119, "test acc": 1.0, "test f1_score": 1.0, "test AUROC": 1.0, "Avg FOLD f1 score": 0.7897863388061523, "Avg FOLD AUROC": 0.678205132484436, "_wandb": {"runtime": 1480}}